{
    "TP-base": 42,
    "TP-comp": 42,
    "FP": 2,
    "FN": 3,
    "precision": 0.9545454545454546,
    "recall": 0.9333333333333333,
    "f1": 0.9438202247191012,
    "base cnt": 45,
    "comp cnt": 44,
    "TP-comp_TP-gt": 42,
    "TP-comp_FP-gt": 0,
    "TP-base_TP-gt": 42,
    "TP-base_FP-gt": 0,
    "gt_concordance": 1.0,
    "gt_matrix": {
        "(0, 1)": {
            "(0, 1)": 28
        },
        "(1, 1)": {
            "(1, 1)": 14
        }
    }
}