{
    "TP-base": 44,
    "TP-comp": 44,
    "FP": 2,
    "FN": 1,
    "precision": 0.9565217391304348,
    "recall": 0.9777777777777777,
    "f1": 0.967032967032967,
    "base cnt": 45,
    "comp cnt": 46,
    "TP-comp_TP-gt": 44,
    "TP-comp_FP-gt": 0,
    "TP-base_TP-gt": 44,
    "TP-base_FP-gt": 0,
    "gt_concordance": 1.0,
    "gt_matrix": {
        "(0, 1)": {
            "(0, 1)": 29
        },
        "(1, 1)": {
            "(1, 1)": 15
        }
    }
}